{"cameraMode":{"drawMode":0,"name":"Shaded","section":"Shading Mode"},"sceneLighting":true,"audioPlay":false,"sceneViewState":{"m_AlwaysRefresh":false,"showFog":true,"showSkybox":true,"showFlares":true,"showImageEffects":true,"showParticleSystems":true,"showVisualEffectGraphs":true,"m_FxEnabled":true},"in2DMode":false,"pivot":{"x":-85.82251739501953,"y":-104.06876373291016,"z":562.0208740234375},"rotation":{"x":0.09283638745546341,"y":-0.02958628349006176,"z":0.0027476539835333826,"w":0.9952631592750549},"size":285.2477111816406,"orthographic":false}